pH2O (bar),Temp (K),Adsorption (mmol/g)
0,313,0
0.0025,313,0.20625
0.005,313,0.45833
0.0075,313,0.6875
0.01,313,0.916666
0.0125,313,1.045
0.015,313,1.16875
0.0175,313,1.28333
0.02,313,1.375
0.0225,313,1.44375
0.025,313,1.5125
0.0275,313,1.558333
0.03,313,1.6225
0.0325,313,1.6775
0.035,313,1.71875
0.0375,313,1.741666
0.04,313,1.7875